"BROKEN","EPIC","FAILED","FEATURE","PASSED","SKIPPED","STORY","UNKNOWN"
"0","Summaries","0","Search Summaries","2","0","","0"
"0","Billing","0","Usage Tracking","5","0","","0"
"0","Queue","0","Add Video","5","0","Single video","0"
"0","Video Processing","0","URL Parsing","10","0","","0"
"0","Queue","0","Add Video","3","0","Batch","0"
"0","Queue","0","Remove Video","3","0","","0"
"0","Summaries","0","Browse Summaries","3","0","","0"
"0","Video Processing","0","Summary Quality Checks","5","0","","0"
"0","Queue","0","Process Video","3","0","","0"
"0","Summaries","0","View Summary","2","0","","0"
"0","Video Processing","0","AI Response Parsing","4","0","","0"
"0","Summaries","0","Delete Summary","2","0","","0"
"0","Queue","0","List Queue","1","0","","0"
